{
  "project_info": {
    "project_number": "777762792693",
    "firebase_url": "https://fir-auth-45665.firebaseio.com",
    "project_id": "fir-auth-45665",
    "storage_bucket": "fir-auth-45665.appspot.com"
  },
  "client": [
    {
      "client_info": {
        "mobilesdk_app_id": "1:777762792693:android:a4b0a6895ea3d369",
        "android_client_info": {
          "package_name": "com.sourcey.materialloginexample"
        }
      },
      "oauth_client": [
        {
          "client_id": "777762792693-m318tvtslf9qdvqgnvqq7kppp84dnlp8.apps.googleusercontent.com",
          "client_type": 1,
          "android_info": {
            "package_name": "com.sourcey.materialloginexample",
            "certificate_hash": "333a184d2bc1519349c9955b4ec7602b98acff40"
          }
        },
        {
          "client_id": "777762792693-f7ft4b7h3crgsfg8mtnkh4965megbanm.apps.googleusercontent.com",
          "client_type": 3
        }
      ],
      "api_key": [
        {
          "current_key": "AIzaSyCd6F_3w3f2Hec_gnopGdl8HOlEUSvziQg"
        }
      ],
      "services": {
        "analytics_service": {
          "status": 1
        },
        "appinvite_service": {
          "status": 2,
          "other_platform_oauth_client": [
            {
              "client_id": "777762792693-f7ft4b7h3crgsfg8mtnkh4965megbanm.apps.googleusercontent.com",
              "client_type": 3
            }
          ]
        },
        "ads_service": {
          "status": 2
        }
      }
    }
  ],
  "configuration_version": "1"
}