{
  "project_info": {
    "project_number": "865099631729",
    "firebase_url": "https://nodemcu-31e7c.firebaseio.com",
    "project_id": "nodemcu-31e7c",
    "storage_bucket": "nodemcu-31e7c.appspot.com"
  },
  "client": [
    {
      "client_info": {
        "mobilesdk_app_id": "1:865099631729:android:e60aeff65cae8072",
        "android_client_info": {
          "package_name": "com.sourcey.materiallogindemo"
        }
      },
      "oauth_client": [
        {
          "client_id": "865099631729-mq6pdcc6qfvvqd8ja8tlciktmo1tafk6.apps.googleusercontent.com",
          "client_type": 1,
          "android_info": {
            "package_name": "com.sourcey.materiallogindemo",
            "certificate_hash": "333a184d2bc1519349c9955b4ec7602b98acff40"
          }
        },
        {
          "client_id": "865099631729-b3jqckdq0gcvjsfhh4kksdmp4u3mjae4.apps.googleusercontent.com",
          "client_type": 3
        }
      ],
      "api_key": [
        {
          "current_key": "AIzaSyCMot3cs0FLpPdVBihKWUc-eq2IqcRssHU"
        }
      ],
      "services": {
        "analytics_service": {
          "status": 1
        },
        "appinvite_service": {
          "status": 2,
          "other_platform_oauth_client": [
            {
              "client_id": "865099631729-b3jqckdq0gcvjsfhh4kksdmp4u3mjae4.apps.googleusercontent.com",
              "client_type": 3
            }
          ]
        },
        "ads_service": {
          "status": 2
        }
      }
    }
  ],
  "configuration_version": "1"
}